{
  "best_binary_model": {
    "name": "Gradient Boosting",
    "metrics": {
      "accuracy": 0.8126114081996435,
      "precision": 0.8194285714285714,
      "recall": 0.9320766980825479,
      "f1": 0.8721301505245552,
      "auc": 0.8496288390097122
    }
  },
  "best_multi_model": {
    "name": "Gradient Boosting",
    "metrics": {
      "accuracy": 0.7861635220125787,
      "precision": 0.7881840655862463,
      "recall": 0.7861635220125787,
      "f1": 0.7724281083395331
    }
  },
  "feature_count": 31
}